Source IP,Destination IP,Protocol,Packet Length
10.1.1.1,10.1.1.2,17,1054
10.1.1.2,10.1.1.1,17,1054
10.1.1.1,10.1.1.2,17,1054
10.1.1.2,10.1.1.1,17,1054
10.1.1.1,10.1.1.2,17,1054
10.1.1.2,10.1.1.1,17,1054
10.1.1.1,10.1.1.2,17,1054
10.1.1.2,10.1.1.1,17,1054
10.1.1.1,10.1.1.2,17,1054
10.1.1.2,10.1.1.1,17,1054
10.1.1.1,10.1.1.2,17,1054
10.1.1.2,10.1.1.1,17,1054
10.1.1.1,10.1.1.2,17,1054
10.1.1.2,10.1.1.1,17,1054
10.1.1.1,10.1.1.2,17,1054
10.1.1.2,10.1.1.1,17,1054
10.1.1.1,10.1.1.2,17,1054
10.1.1.2,10.1.1.1,17,1054
10.1.1.1,10.1.1.2,17,1054
10.1.1.2,10.1.1.1,17,1054
10.1.1.1,10.1.1.2,17,1054
10.1.1.2,10.1.1.1,17,1054
10.1.1.1,10.1.1.2,17,1054
10.1.1.2,10.1.1.1,17,1054
10.1.1.1,10.1.1.2,17,1054
10.1.1.2,10.1.1.1,17,1054
10.1.1.1,10.1.1.2,17,1054
10.1.1.2,10.1.1.1,17,1054
10.1.1.1,10.1.1.2,17,1054
10.1.1.2,10.1.1.1,17,1054
10.1.1.1,10.1.1.2,17,1054
10.1.1.2,10.1.1.1,17,1054
10.1.1.1,10.1.1.2,17,1054
10.1.1.2,10.1.1.1,17,1054
10.1.1.1,10.1.1.2,17,1054
10.1.1.2,10.1.1.1,17,1054
10.1.1.1,10.1.1.2,17,1054
10.1.1.2,10.1.1.1,17,1054
10.1.1.1,10.1.1.2,17,1054
10.1.1.2,10.1.1.1,17,1054
10.1.1.1,10.1.1.2,17,1054
10.1.1.2,10.1.1.1,17,1054
10.1.1.1,10.1.1.2,17,1054
10.1.1.2,10.1.1.1,17,1054
10.1.1.1,10.1.1.2,17,1054
10.1.1.2,10.1.1.1,17,1054
10.1.1.1,10.1.1.2,17,1054
10.1.1.2,10.1.1.1,17,1054
10.1.1.1,10.1.1.2,17,1054
10.1.1.2,10.1.1.1,17,1054
10.1.1.1,10.1.1.2,17,1054
10.1.1.2,10.1.1.1,17,1054
10.1.1.1,10.1.1.2,17,1054
10.1.1.2,10.1.1.1,17,1054
10.1.1.1,10.1.1.2,17,1054
10.1.1.2,10.1.1.1,17,1054
10.1.1.1,10.1.1.2,17,1054
10.1.1.2,10.1.1.1,17,1054
10.1.1.1,10.1.1.2,17,1054
10.1.1.2,10.1.1.1,17,1054
10.1.1.1,10.1.1.2,17,1054
10.1.1.2,10.1.1.1,17,1054
10.1.1.1,10.1.1.2,17,1054
10.1.1.2,10.1.1.1,17,1054
10.1.1.1,10.1.1.2,17,1054
10.1.1.2,10.1.1.1,17,1054
10.1.1.1,10.1.1.2,17,1054
10.1.1.2,10.1.1.1,17,1054
10.1.1.1,10.1.1.2,17,1054
10.1.1.2,10.1.1.1,17,1054
10.1.1.1,10.1.1.2,17,1054
10.1.1.2,10.1.1.1,17,1054
10.1.1.1,10.1.1.2,17,1054
10.1.1.2,10.1.1.1,17,1054
10.1.1.1,10.1.1.2,17,1054
10.1.1.2,10.1.1.1,17,1054
10.1.1.1,10.1.1.2,17,1054
10.1.1.2,10.1.1.1,17,1054
10.1.1.1,10.1.1.2,17,1054
10.1.1.2,10.1.1.1,17,1054
10.1.1.1,10.1.1.2,17,1054
10.1.1.2,10.1.1.1,17,1054
10.1.1.1,10.1.1.2,17,1054
10.1.1.2,10.1.1.1,17,1054
10.1.1.1,10.1.1.2,17,1054
10.1.1.2,10.1.1.1,17,1054
10.1.1.1,10.1.1.2,17,1054
10.1.1.2,10.1.1.1,17,1054
10.1.1.1,10.1.1.2,17,1054
10.1.1.2,10.1.1.1,17,1054
10.1.1.1,10.1.1.2,17,1054
10.1.1.2,10.1.1.1,17,1054
10.1.1.1,10.1.1.2,17,1054
10.1.1.2,10.1.1.1,17,1054
10.1.1.1,10.1.1.2,17,1054
10.1.1.2,10.1.1.1,17,1054
10.1.1.1,10.1.1.2,17,1054
10.1.1.2,10.1.1.1,17,1054
10.1.1.1,10.1.1.2,17,1054
10.1.1.2,10.1.1.1,17,1054
10.1.1.1,10.1.1.2,17,1054
10.1.1.2,10.1.1.1,17,1054
10.1.1.1,10.1.1.2,17,1054
10.1.1.2,10.1.1.1,17,1054
10.1.1.1,10.1.1.2,17,1054
10.1.1.2,10.1.1.1,17,1054
10.1.1.1,10.1.1.2,17,1054
10.1.1.2,10.1.1.1,17,1054
10.1.1.1,10.1.1.2,17,1054
10.1.1.2,10.1.1.1,17,1054
10.1.1.1,10.1.1.2,17,1054
10.1.1.2,10.1.1.1,17,1054
10.1.1.1,10.1.1.2,17,1054
10.1.1.2,10.1.1.1,17,1054
10.1.1.1,10.1.1.2,17,1054
10.1.1.2,10.1.1.1,17,1054
10.1.1.1,10.1.1.2,17,1054
10.1.1.2,10.1.1.1,17,1054
10.1.1.1,10.1.1.2,17,1054
10.1.1.2,10.1.1.1,17,1054
10.1.1.1,10.1.1.2,17,1054
10.1.1.2,10.1.1.1,17,1054
10.1.1.1,10.1.1.2,17,1054
10.1.1.2,10.1.1.1,17,1054
10.1.1.1,10.1.1.2,17,1054
10.1.1.2,10.1.1.1,17,1054
10.1.1.1,10.1.1.2,17,1054
10.1.1.2,10.1.1.1,17,1054
10.1.1.1,10.1.1.2,17,1054
10.1.1.2,10.1.1.1,17,1054
10.1.1.1,10.1.1.2,17,1054
10.1.1.2,10.1.1.1,17,1054
10.1.1.1,10.1.1.2,17,1054
10.1.1.2,10.1.1.1,17,1054
10.1.1.1,10.1.1.2,17,1054
10.1.1.2,10.1.1.1,17,1054
10.1.1.1,10.1.1.2,17,1054
10.1.1.2,10.1.1.1,17,1054
10.1.1.1,10.1.1.2,17,1054
10.1.1.2,10.1.1.1,17,1054
10.1.1.1,10.1.1.2,17,1054
10.1.1.2,10.1.1.1,17,1054
10.1.1.1,10.1.1.2,17,1054
10.1.1.2,10.1.1.1,17,1054
10.1.1.1,10.1.1.2,17,1054
10.1.1.2,10.1.1.1,17,1054
10.1.1.1,10.1.1.2,17,1054
10.1.1.2,10.1.1.1,17,1054
10.1.1.1,10.1.1.2,17,1054
10.1.1.2,10.1.1.1,17,1054
10.1.1.1,10.1.1.2,17,1054
10.1.1.2,10.1.1.1,17,1054
10.1.1.1,10.1.1.2,17,1054
10.1.1.2,10.1.1.1,17,1054
10.1.1.1,10.1.1.2,17,1054
10.1.1.2,10.1.1.1,17,1054
10.1.1.1,10.1.1.2,17,1054
10.1.1.2,10.1.1.1,17,1054
10.1.1.1,10.1.1.2,17,1054
10.1.1.2,10.1.1.1,17,1054
